{"schemaVersion":"1.0","appDefinitionTemplate":{"id":"/providers/Microsoft.PowerApps/apps/","type":"Microsoft.PowerApps/apps","tags":{"primaryDeviceWidth":"640","primaryDeviceHeight":"1136","supportsPortrait":"true","supportsLandscape":"true","primaryFormFactor":"Phone","publisherVersion":"3.23105.18","minimumRequiredApiVersion":"2.2.0","hasComponent":"false","hasUnlockedComponent":"false","isUnifiedRootApp":"false","sienaVersion":"20231123T055449Z-3.23105.18.0","showStatusBar":"false"},"properties":{"appVersion":"2023-11-23T05:54:49Z","lifeCycleId":"Published","createdByClientVersion":{"major":3,"minor":23105,"build":18,"revision":0,"majorRevision":0,"minorRevision":0},"minClientVersion":{"major":3,"minor":23105,"build":18,"revision":0,"majorRevision":0,"minorRevision":0},"backgroundColor":"RGBA(0,176,240,1)","backgroundImageUri":"/12129132006074948364/N4393633c-aae4-4bda-aaaa-6089b3e25044-logoSmallFile","displayName":"SWAP COURSES","description":"Newly edited version","commitMessage":"","appUris":{"documentUri":{"value":"/12129132006074948364/Ndff126fd-080e-4786-b3a0-536eedb1b33b-document.msapp"},"imageUris":[],"additionalUris":[]},"createdTime":"0001-01-01T00:00:00Z","lastModifiedTime":"0001-01-01T00:00:00Z","sharedGroupsCount":0,"sharedUsersCount":0,"connectionReferences":{"9f7d254a-aa96-425b-bc0f-499a183acc64":{"id":"18bcbc69-59fc-4d0c-979e-78f5365ec682","displayName":"Excel","iconUri":"https://connectoricons-prod.azureedge.net/releases/v1.0.1667/1.0.1667.3504/excel/icon.png","dataSources":["MID","MIY"],"dependencies":["2dfd16b1-e097-4f07-a996-b9009523ed2e"],"dependents":[],"parameterHints":{"2dfd16b1-e097-4f07-a996-b9009523ed2e":{"value":"fileSource"}},"parameterHintsV2":{"fileSource":{"value":"2dfd16b1-e097-4f07-a996-b9009523ed2e"}},"isOnPremiseConnection":false,"bypassConsent":false,"dataSets":{"b!5pPj8Vomf0mmSm383abvVvkJfcfm0-tBiDfXnBdCjbc0puaBUgZCSbrOgD8sg4CV.01U6SLSNMIFZVVUAHTMJH2GWGJJLDVMLVI":{"dataSources":{"MID":{"tableName":"MID"}}},"b!5pPj8Vomf0mmSm383abvVvkJfcfm0-tBiDfXnBdCjbc0puaBUgZCSbrOgD8sg4CV.01U6SLSNNROD6INRNXLJC2MF7D5WV324XU":{"dataSources":{"MIY":{"tableName":"MIY"}}}},"apiTier":"Standard","isCustomApiConnection":false,"actions":["providers/PowerPlatform.Governance/Operations/Read","providers/PowerPlatform.Governance/Operations/Write","providers/PowerPlatform.Governance/Operations/Delete"]},"2dfd16b1-e097-4f07-a996-b9009523ed2e":{"id":"347d6267-6fe5-4923-bb05-665f7317875a","displayName":"OneDrive for Business","iconUri":"https://connectoricons-prod.azureedge.net/releases/v1.0.1656/1.0.1656.3432/onedriveforbusiness/icon.png","dataSources":[],"dependencies":[],"dependents":["9f7d254a-aa96-425b-bc0f-499a183acc64"],"parameterHints":{},"parameterHintsV2":{},"isOnPremiseConnection":false,"bypassConsent":false,"dataSets":{},"apiTier":"Standard","isCustomApiConnection":false},"8457c19c-f639-4e4c-8ee2-6b4a1d803887":{"id":"18bcbc69-59fc-4d0c-979e-78f5365ec682","displayName":"Excel","iconUri":"https://connectoricons-prod.azureedge.net/releases/v1.0.1667/1.0.1667.3504/excel/icon.png","dataSources":["Table1"],"dependencies":["99a5a43e-dee1-47af-ac41-6c7f871867c4"],"dependents":[],"parameterHints":{"99a5a43e-dee1-47af-ac41-6c7f871867c4":{"value":"fileSource"}},"parameterHintsV2":{"fileSource":{"value":"99a5a43e-dee1-47af-ac41-6c7f871867c4"}},"isOnPremiseConnection":false,"bypassConsent":false,"dataSets":{"b!5pPj8Vomf0mmSm383abvVvkJfcfm0-tBiDfXnBdCjbc0puaBUgZCSbrOgD8sg4CV.01U6SLSNPNPHIBC7TTDRALOCDRU6UOAUEE":{"dataSources":{"Table1":{"tableName":"Table1"}}}},"apiTier":"Standard","isCustomApiConnection":false,"actions":["providers/PowerPlatform.Governance/Operations/Read","providers/PowerPlatform.Governance/Operations/Write","providers/PowerPlatform.Governance/Operations/Delete"]},"99a5a43e-dee1-47af-ac41-6c7f871867c4":{"id":"347d6267-6fe5-4923-bb05-665f7317875a","displayName":"OneDrive for Business","iconUri":"https://connectoricons-prod.azureedge.net/releases/v1.0.1656/1.0.1656.3432/onedriveforbusiness/icon.png","dataSources":[],"dependencies":[],"dependents":["8457c19c-f639-4e4c-8ee2-6b4a1d803887"],"parameterHints":{},"parameterHintsV2":{},"isOnPremiseConnection":false,"bypassConsent":false,"dataSets":{},"apiTier":"Standard","isCustomApiConnection":false},"315f9694-e12d-42a1-bd43-5f317a90f2b4":{"id":"18bcbc69-59fc-4d0c-979e-78f5365ec682","displayName":"Excel","iconUri":"https://connectoricons-prod.azureedge.net/releases/v1.0.1667/1.0.1667.3504/excel/icon.png","dataSources":["MIC"],"dependencies":["87cac485-c115-452c-9cc5-d1efeb5f0ee7"],"dependents":[],"parameterHints":{"87cac485-c115-452c-9cc5-d1efeb5f0ee7":{"value":"fileSource"}},"parameterHintsV2":{"fileSource":{"value":"87cac485-c115-452c-9cc5-d1efeb5f0ee7"}},"isOnPremiseConnection":false,"bypassConsent":false,"dataSets":{"b!5pPj8Vomf0mmSm383abvVvkJfcfm0-tBiDfXnBdCjbc0puaBUgZCSbrOgD8sg4CV.01U6SLSNO2N5MOCU4TS5CIEYQXSYI372T6":{"dataSources":{"MIC":{"tableName":"MIC"}}}},"apiTier":"Standard","isCustomApiConnection":false,"actions":["providers/PowerPlatform.Governance/Operations/Read","providers/PowerPlatform.Governance/Operations/Write","providers/PowerPlatform.Governance/Operations/Delete"]},"87cac485-c115-452c-9cc5-d1efeb5f0ee7":{"id":"347d6267-6fe5-4923-bb05-665f7317875a","displayName":"OneDrive for Business","iconUri":"https://connectoricons-prod.azureedge.net/releases/v1.0.1656/1.0.1656.3432/onedriveforbusiness/icon.png","dataSources":[],"dependencies":[],"dependents":["315f9694-e12d-42a1-bd43-5f317a90f2b4"],"parameterHints":{},"parameterHintsV2":{},"isOnPremiseConnection":false,"bypassConsent":false,"dataSets":{},"apiTier":"Standard","isCustomApiConnection":false},"64f43877-bbfa-4fc3-8b74-77bd77dae96b":{"id":"18bcbc69-59fc-4d0c-979e-78f5365ec682","displayName":"Excel","iconUri":"https://connectoricons-prod.azureedge.net/releases/v1.0.1667/1.0.1667.3504/excel/icon.png","dataSources":["MSI"],"dependencies":["3829f74d-548d-4be1-8c15-e7aa59a3b8e5"],"dependents":[],"parameterHints":{"3829f74d-548d-4be1-8c15-e7aa59a3b8e5":{"value":"fileSource"}},"parameterHintsV2":{"fileSource":{"value":"3829f74d-548d-4be1-8c15-e7aa59a3b8e5"}},"isOnPremiseConnection":false,"bypassConsent":false,"dataSets":{"b!5pPj8Vomf0mmSm383abvVvkJfcfm0-tBiDfXnBdCjbc0puaBUgZCSbrOgD8sg4CV.01U6SLSNKJ2YSPFRHN7REK7YRNO3XLF2IZ":{"dataSources":{"MSI":{"tableName":"MSI"}}}},"apiTier":"Standard","isCustomApiConnection":false,"actions":["providers/PowerPlatform.Governance/Operations/Read","providers/PowerPlatform.Governance/Operations/Write","providers/PowerPlatform.Governance/Operations/Delete"]},"3829f74d-548d-4be1-8c15-e7aa59a3b8e5":{"id":"347d6267-6fe5-4923-bb05-665f7317875a","displayName":"OneDrive for Business","iconUri":"https://connectoricons-prod.azureedge.net/releases/v1.0.1656/1.0.1656.3432/onedriveforbusiness/icon.png","dataSources":[],"dependencies":[],"dependents":["64f43877-bbfa-4fc3-8b74-77bd77dae96b"],"parameterHints":{},"parameterHintsV2":{},"isOnPremiseConnection":false,"bypassConsent":false,"dataSets":{},"apiTier":"Standard","isCustomApiConnection":false},"b49e02ee-5817-4ebd-aea5-e13ea2e05012":{"id":"18bcbc69-59fc-4d0c-979e-78f5365ec682","displayName":"Excel","iconUri":"https://connectoricons-prod.azureedge.net/releases/v1.0.1667/1.0.1667.3504/excel/icon.png","dataSources":["BIT"],"dependencies":["ffb0b979-5c4c-44a5-bc39-5672f63e989b"],"dependents":[],"parameterHints":{"ffb0b979-5c4c-44a5-bc39-5672f63e989b":{"value":"fileSource"}},"parameterHintsV2":{"fileSource":{"value":"ffb0b979-5c4c-44a5-bc39-5672f63e989b"}},"isOnPremiseConnection":false,"bypassConsent":false,"dataSets":{"b!5pPj8Vomf0mmSm383abvVvkJfcfm0-tBiDfXnBdCjbc0puaBUgZCSbrOgD8sg4CV.01U6SLSNOWYRSPW3EGXJEJVCA6PNRNM7WZ":{"dataSources":{"BIT":{"tableName":"BIT"}}}},"apiTier":"Standard","isCustomApiConnection":false,"actions":["providers/PowerPlatform.Governance/Operations/Read","providers/PowerPlatform.Governance/Operations/Write","providers/PowerPlatform.Governance/Operations/Delete"]},"ffb0b979-5c4c-44a5-bc39-5672f63e989b":{"id":"347d6267-6fe5-4923-bb05-665f7317875a","displayName":"OneDrive for Business","iconUri":"https://connectoricons-prod.azureedge.net/releases/v1.0.1656/1.0.1656.3432/onedriveforbusiness/icon.png","dataSources":[],"dependencies":[],"dependents":["b49e02ee-5817-4ebd-aea5-e13ea2e05012"],"parameterHints":{},"parameterHintsV2":{},"isOnPremiseConnection":false,"bypassConsent":false,"dataSets":{},"apiTier":"Standard","isCustomApiConnection":false},"94338558-aec5-41cf-bae8-5debece2e3cc":{"id":"18bcbc69-59fc-4d0c-979e-78f5365ec682","displayName":"Excel","iconUri":"https://connectoricons-prod.azureedge.net/releases/v1.0.1667/1.0.1667.3504/excel/icon.png","dataSources":["BDS"],"dependencies":["f743e869-846a-42ad-95d1-81977d94bc4b"],"dependents":[],"parameterHints":{"f743e869-846a-42ad-95d1-81977d94bc4b":{"value":"fileSource"}},"parameterHintsV2":{"fileSource":{"value":"f743e869-846a-42ad-95d1-81977d94bc4b"}},"isOnPremiseConnection":false,"bypassConsent":false,"dataSets":{"b!5pPj8Vomf0mmSm383abvVvkJfcfm0-tBiDfXnBdCjbc0puaBUgZCSbrOgD8sg4CV.01U6SLSNL7YBAOQOFJG5ELL7FPKVCSW5XY":{"dataSources":{"BDS":{"tableName":"BDS"}}}},"apiTier":"Standard","isCustomApiConnection":false,"actions":["providers/PowerPlatform.Governance/Operations/Read","providers/PowerPlatform.Governance/Operations/Write","providers/PowerPlatform.Governance/Operations/Delete"]},"f743e869-846a-42ad-95d1-81977d94bc4b":{"id":"347d6267-6fe5-4923-bb05-665f7317875a","displayName":"OneDrive for Business","iconUri":"https://connectoricons-prod.azureedge.net/releases/v1.0.1656/1.0.1656.3432/onedriveforbusiness/icon.png","dataSources":[],"dependencies":[],"dependents":["94338558-aec5-41cf-bae8-5debece2e3cc"],"parameterHints":{},"parameterHintsV2":{},"isOnPremiseConnection":false,"bypassConsent":false,"dataSets":{},"apiTier":"Standard","isCustomApiConnection":false},"8c297dc8-50a6-43bb-8821-62a0e8954474":{"id":"18bcbc69-59fc-4d0c-979e-78f5365ec682","displayName":"Excel","iconUri":"https://connectoricons-prod.azureedge.net/releases/v1.0.1667/1.0.1667.3504/excel/icon.png","dataSources":["BCE"],"dependencies":["3b9f7f43-6970-46f3-a7fa-38014bd19163"],"dependents":[],"parameterHints":{"3b9f7f43-6970-46f3-a7fa-38014bd19163":{"value":"fileSource"}},"parameterHintsV2":{"fileSource":{"value":"3b9f7f43-6970-46f3-a7fa-38014bd19163"}},"isOnPremiseConnection":false,"bypassConsent":false,"dataSets":{"b!5pPj8Vomf0mmSm383abvVvkJfcfm0-tBiDfXnBdCjbc0puaBUgZCSbrOgD8sg4CV.01U6SLSNKVQZSUV36E2RF2RJDQDSIL5LUV":{"dataSources":{"BCE":{"tableName":"BCE"}}}},"apiTier":"Standard","isCustomApiConnection":false,"actions":["providers/PowerPlatform.Governance/Operations/Read","providers/PowerPlatform.Governance/Operations/Write","providers/PowerPlatform.Governance/Operations/Delete"]},"3b9f7f43-6970-46f3-a7fa-38014bd19163":{"id":"347d6267-6fe5-4923-bb05-665f7317875a","displayName":"OneDrive for Business","iconUri":"https://connectoricons-prod.azureedge.net/releases/v1.0.1656/1.0.1656.3432/onedriveforbusiness/icon.png","dataSources":[],"dependencies":[],"dependents":["8c297dc8-50a6-43bb-8821-62a0e8954474"],"parameterHints":{},"parameterHintsV2":{},"isOnPremiseConnection":false,"bypassConsent":false,"dataSets":{},"apiTier":"Standard","isCustomApiConnection":false},"b0b5aea9-daab-4bad-8db9-ec4bf24f3537":{"id":"18bcbc69-59fc-4d0c-979e-78f5365ec682","displayName":"Excel","iconUri":"https://connectoricons-prod.azureedge.net/releases/v1.0.1667/1.0.1667.3504/excel/icon.png","dataSources":["BEC"],"dependencies":["31af9542-bca1-48ef-8c36-7e05b8982c11"],"dependents":[],"parameterHints":{"31af9542-bca1-48ef-8c36-7e05b8982c11":{"value":"fileSource"}},"parameterHintsV2":{"fileSource":{"value":"31af9542-bca1-48ef-8c36-7e05b8982c11"}},"isOnPremiseConnection":false,"bypassConsent":false,"dataSets":{"b!5pPj8Vomf0mmSm383abvVvkJfcfm0-tBiDfXnBdCjbc0puaBUgZCSbrOgD8sg4CV.01U6SLSNMG4PKE5VXMARAK7R6CTEABPUR3":{"dataSources":{"BEC":{"tableName":"BEC"}}}},"apiTier":"Standard","isCustomApiConnection":false,"actions":["providers/PowerPlatform.Governance/Operations/Read","providers/PowerPlatform.Governance/Operations/Write","providers/PowerPlatform.Governance/Operations/Delete"]},"31af9542-bca1-48ef-8c36-7e05b8982c11":{"id":"347d6267-6fe5-4923-bb05-665f7317875a","displayName":"OneDrive for Business","iconUri":"https://connectoricons-prod.azureedge.net/releases/v1.0.1656/1.0.1656.3432/onedriveforbusiness/icon.png","dataSources":[],"dependencies":[],"dependents":["b0b5aea9-daab-4bad-8db9-ec4bf24f3537"],"parameterHints":{},"parameterHintsV2":{},"isOnPremiseConnection":false,"bypassConsent":false,"dataSets":{},"apiTier":"Standard","isCustomApiConnection":false},"9cad707f-aa9d-4f52-b239-bffa3c08f405":{"id":"18bcbc69-59fc-4d0c-979e-78f5365ec682","displayName":"Excel","iconUri":"https://connectoricons-prod.azureedge.net/releases/v1.0.1667/1.0.1667.3504/excel/icon.png","dataSources":["BBT"],"dependencies":["3ffef534-8643-4a68-9baf-30fabd8dcc62"],"dependents":[],"parameterHints":{"3ffef534-8643-4a68-9baf-30fabd8dcc62":{"value":"fileSource"}},"parameterHintsV2":{"fileSource":{"value":"3ffef534-8643-4a68-9baf-30fabd8dcc62"}},"isOnPremiseConnection":false,"bypassConsent":false,"dataSets":{"b!5pPj8Vomf0mmSm383abvVvkJfcfm0-tBiDfXnBdCjbc0puaBUgZCSbrOgD8sg4CV.01U6SLSNIWOZXFQOCTT5G344Y2U3I3JOD5":{"dataSources":{"BBT":{"tableName":"BBT"}}}},"apiTier":"Standard","isCustomApiConnection":false,"actions":["providers/PowerPlatform.Governance/Operations/Read","providers/PowerPlatform.Governance/Operations/Write","providers/PowerPlatform.Governance/Operations/Delete"]},"3ffef534-8643-4a68-9baf-30fabd8dcc62":{"id":"347d6267-6fe5-4923-bb05-665f7317875a","displayName":"OneDrive for Business","iconUri":"https://connectoricons-prod.azureedge.net/releases/v1.0.1656/1.0.1656.3432/onedriveforbusiness/icon.png","dataSources":[],"dependencies":[],"dependents":["9cad707f-aa9d-4f52-b239-bffa3c08f405"],"parameterHints":{},"parameterHintsV2":{},"isOnPremiseConnection":false,"bypassConsent":false,"dataSets":{},"apiTier":"Standard","isCustomApiConnection":false},"5cd304a1-85fc-4a7d-a778-d609e8e815c4":{"id":"18bcbc69-59fc-4d0c-979e-78f5365ec682","displayName":"Excel","iconUri":"https://connectoricons-prod.azureedge.net/releases/v1.0.1667/1.0.1667.3504/excel/icon.png","dataSources":["BCT"],"dependencies":["b1313aad-837d-41e2-9901-3195ff3c16f0"],"dependents":[],"parameterHints":{"b1313aad-837d-41e2-9901-3195ff3c16f0":{"value":"fileSource"}},"parameterHintsV2":{"fileSource":{"value":"b1313aad-837d-41e2-9901-3195ff3c16f0"}},"isOnPremiseConnection":false,"bypassConsent":false,"dataSets":{"b!5pPj8Vomf0mmSm383abvVvkJfcfm0-tBiDfXnBdCjbc0puaBUgZCSbrOgD8sg4CV.01U6SLSNKY7CEVZIS3JJFZ524WD27CTAIB":{"dataSources":{"BCT":{"tableName":"BCT"}}}},"apiTier":"Standard","isCustomApiConnection":false,"actions":["providers/PowerPlatform.Governance/Operations/Read","providers/PowerPlatform.Governance/Operations/Write","providers/PowerPlatform.Governance/Operations/Delete"]},"b1313aad-837d-41e2-9901-3195ff3c16f0":{"id":"347d6267-6fe5-4923-bb05-665f7317875a","displayName":"OneDrive for Business","iconUri":"https://connectoricons-prod.azureedge.net/releases/v1.0.1656/1.0.1656.3432/onedriveforbusiness/icon.png","dataSources":[],"dependencies":[],"dependents":["5cd304a1-85fc-4a7d-a778-d609e8e815c4"],"parameterHints":{},"parameterHintsV2":{},"isOnPremiseConnection":false,"bypassConsent":false,"dataSets":{},"apiTier":"Standard","isCustomApiConnection":false},"c0adc994-8a36-4e41-9fa4-28f0c41bb76f":{"id":"18bcbc69-59fc-4d0c-979e-78f5365ec682","displayName":"Excel","iconUri":"https://connectoricons-prod.azureedge.net/releases/v1.0.1667/1.0.1667.3504/excel/icon.png","dataSources":["BBA"],"dependencies":["509888d3-8713-4cb8-b7bb-e41f34559ad8"],"dependents":[],"parameterHints":{"509888d3-8713-4cb8-b7bb-e41f34559ad8":{"value":"fileSource"}},"parameterHintsV2":{"fileSource":{"value":"509888d3-8713-4cb8-b7bb-e41f34559ad8"}},"isOnPremiseConnection":false,"bypassConsent":false,"dataSets":{"b!5pPj8Vomf0mmSm383abvVvkJfcfm0-tBiDfXnBdCjbc0puaBUgZCSbrOgD8sg4CV.01U6SLSNMJTWCH2IQFJZAZ4IAI6P33F4NG":{"dataSources":{"BBA":{"tableName":"BBA"}}}},"apiTier":"Standard","isCustomApiConnection":false,"actions":["providers/PowerPlatform.Governance/Operations/Read","providers/PowerPlatform.Governance/Operations/Write","providers/PowerPlatform.Governance/Operations/Delete"]},"509888d3-8713-4cb8-b7bb-e41f34559ad8":{"id":"347d6267-6fe5-4923-bb05-665f7317875a","displayName":"OneDrive for Business","iconUri":"https://connectoricons-prod.azureedge.net/releases/v1.0.1656/1.0.1656.3432/onedriveforbusiness/icon.png","dataSources":[],"dependencies":[],"dependents":["c0adc994-8a36-4e41-9fa4-28f0c41bb76f"],"parameterHints":{},"parameterHintsV2":{},"isOnPremiseConnection":false,"bypassConsent":false,"dataSets":{},"apiTier":"Standard","isCustomApiConnection":false},"cfbf9993-1f88-44df-8ab0-ee61ab92c1f0":{"id":"18bcbc69-59fc-4d0c-979e-78f5365ec682","displayName":"Excel","iconUri":"https://connectoricons-prod.azureedge.net/releases/v1.0.1667/1.0.1667.3504/excel/icon.png","dataSources":["BCC"],"dependencies":["8f818e1c-3a03-423b-80ec-8c9e8ac2d0ec"],"dependents":[],"parameterHints":{"8f818e1c-3a03-423b-80ec-8c9e8ac2d0ec":{"value":"fileSource"}},"parameterHintsV2":{"fileSource":{"value":"8f818e1c-3a03-423b-80ec-8c9e8ac2d0ec"}},"isOnPremiseConnection":false,"bypassConsent":false,"dataSets":{"b!5pPj8Vomf0mmSm383abvVvkJfcfm0-tBiDfXnBdCjbc0puaBUgZCSbrOgD8sg4CV.01U6SLSNKSFAAYKH6O4FHJO6VLLYBS5OBF":{"dataSources":{"BCC":{"tableName":"BCC"}}}},"apiTier":"Standard","isCustomApiConnection":false,"actions":["providers/PowerPlatform.Governance/Operations/Read","providers/PowerPlatform.Governance/Operations/Write","providers/PowerPlatform.Governance/Operations/Delete"]},"8f818e1c-3a03-423b-80ec-8c9e8ac2d0ec":{"id":"347d6267-6fe5-4923-bb05-665f7317875a","displayName":"OneDrive for Business","iconUri":"https://connectoricons-prod.azureedge.net/releases/v1.0.1656/1.0.1656.3432/onedriveforbusiness/icon.png","dataSources":[],"dependencies":[],"dependents":["cfbf9993-1f88-44df-8ab0-ee61ab92c1f0"],"parameterHints":{},"parameterHintsV2":{},"isOnPremiseConnection":false,"bypassConsent":false,"dataSets":{},"apiTier":"Standard","isCustomApiConnection":false}},"databaseReferences":{},"almMode":"Environment","performanceOptimizationEnabled":false,"canConsumeAppPass":true,"enableModernRuntimeMode":false,"executionRestrictions":{"isTeamsOnly":false,"dataLossPreventionEvaluationResult":{"status":"Compliant","lastEvaluationDate":"2023-08-07T05:29:50.1701942Z","violations":[],"violationsByPolicy":[],"violationErrorMessage":"The app uses the following connectors: ."}}},"appType":"ClassicCanvasApp","appComponents":[]}}